,name,website,type
0,24 Hour Fitness,https://www.24hourfitness.com/Website/Club/214?Adb_id=GGL_LOC_ACQ_CDP,generic
1,24/7 Fitness,https://join.tbtgym.com/,generic
2,254 Fitness,http://254fitness.com/,generic
3,360 Fitness,https://www.360fitnessonline.com/,generic
4,365 Physique,http://www.365physique.com/,generic
5,3rd Coast Movement Fitness Center,http://3rdcoastmovement.com/,generic
6,4 Infinite Life,https://4infinitelife.com/,upscale
7,9Round,https://www.9round.com/CollegeStationTX,generic
8,9Round Corpus Christi,https://www.9round.com/corpus-christi-staples,generic
9,9Round Fitness,https://www.9round.com/leander-south-bagdad,generic
10,9Round Hurst,https://www.9round.com/HurstTXAirportFreeway,generic
11,9Round Kickboxing,https://www.9round.com/WStateHwy46NewBraunfelsTX,generic
12,9Round Kickboxing Fitness,https://www.9round.com/SDentonTapRdCoppellTX,generic
13,9Round TCU,https://www.9round.com/locations/tx,generic
14,Absolute Iron,http://absoluteirongym.net/,generic
15,Addison Athletic Club,https://addisontexas.net/parksrec/athletic-club,generic
16,Affinity Fitness,http://affinityfitnessrockwall.com/,generic
17,AIM Athletics Gymnastics,http://www.aimathleticstexas.com/,upscale
18,Aldo's Strength & Conditioning,http://www.coachaldo.com/,generic
19,ALIO Fitness Club,http://www.aliofitnessclubs.com/,generic
20,All Day Training,http://www.alldaytraining.net/,upscale
21,Alliance Cheer Elite,http://www.alliancecheerelite.com/,generic
22,Alpha Aesthetics,http://alphaaestheticstraining.com/,generic
23,Alpha Fitness,,generic
24,Alpha Life Enterprise,,generic
25,Alpha Strength and Conditioning,http://alphaprojectdallas.com/,generic
26,Alphalete Gym,https://alphalandstore.com/,upscale
27,Alphastetic Competitors,https://alphasteticcompetitors.com/,generic
28,Amarillo Town Club,http://www.amarillotownclub.com/,generic
29,AMP Fitness Studio,https://www.dfwamp.com/,generic
30,Angry Bee CrossFit,http://angrybeeplano.com/,upscale
31,Antioch Sports Complex & Community Center,,generic
32,Anytime Fitness,https://www.anytimefitness.com/gyms/3565/amarillo-tx-79110/?utm_source=google,generic
33,Anytime Fitness Joe Battle,https://www.anytimefitness.com/gyms/4995/el-paso-tx-79936/,generic
34,Anytime Fitness Montwood,https://www.anytimefitness.com/gyms/2334/el-paso-tx-79936/%3Futm_source%3Dgoogle%26utm_medium%3Dlocal-maps%26utm_campaign%3Dgbp-listing%26utm_content%3D2334,generic
35,AOA Boxing,http://www.aoaroundrockboxing.org/,generic
36,APE Fitness and Performance,http://apefitnessteam.com/,generic
37,APEC,http://www.teamapec.com/,generic
38,APEC Fort Worth,http://www.apecfw.com/,generic
39,Apexintensity Gym,https://apexintensity.com/pages/apexintensity-24hr-gym,upscale
40,Applied Functional Fitness Center,https://hood.armymwr.com/programs/fitness-center,upscale
41,Arri Fitness,,generic
42,Athena Strength,,generic
43,Athletic Empire Gym,http://www.athleticempiregym.com/,generic
44,Athletic Outcomes,http://www.athleticoutcomes.com/,upscale
45,Athletic Zone,https://www.athleticzone214.com/,generic
46,Atomic Athlete,http://atomic-athlete.com/?utm_source=GMB,generic
47,Atomic Outpost,https://atomicoutpostnorthaustin.com/,upscale
48,Attaway Gym,http://attawaygym.com/,generic
49,Austin Simply Fit,https://www.austinsimplyfit.com/?utm_campaign=gmb-south,upscale
50,AWARD Winning Fitness,https://www.awardwinningfitness.com/,upscale
51,Axial Fitness,http://axialfitnessgym.com/,upscale
52,B-FIT,https://www.bfittyler.com/,generic
53,BaB In Home Personal Training,http://www.babpersonaltraining.com/,generic
54,Bar 10 CrossFit,http://www.bar10crossfit.com/,upscale
55,Barbara Bauer Briggs Family YMCA,https://ymcagoldencrescent.org/barbara-bauer-briggs-family/,generic
56,Barry's,https://www.barrys.com/studio/austin,upscale
57,Battle Axe Barbell,http://www.battleaxebarbell.com/,generic
58,Battle Wolf Community Fitness,http://www.battlewolfcf.com/,upscale
59,Baytown Gainz Gym,https://baytown-gainz-gym.business.site/,generic
60,BB-Fitness,http://www.balancedbworks.com/,generic
61,BC-FIT,https://bcfitstudios.com/,upscale
62,BCS Fitness,http://www.bcsfitness.com/,generic
63,Be Fit Gym,http://befitgymhtx.com/,generic
64,Beast Gym,https://beastgymsa.com/,generic
65,Beatbodyz,https://www.beatbodyz.com/,generic
66,BEFIT,http://befitkilleen.com/,upscale
67,Behavior & Performance Research,https://bpr.institute/,upscale
68,Believe Fitness,https://believefitnesstx.org/,upscale
69,Believe HTX Gym,,generic
70,Bell's Life Enhancement,https://www.bellslifeenhancement.com/,upscale
71,Ben Garza Gymnasium,https://www.cctexas.com/parks/services/general-government/parks-recreation-facilities,generic
72,Beyond Fitness Center,http://www.triangletherapeutics.com/,generic
73,BEYOND Studios,https://www.thebeyondstudios.com/locations/frisco-beyond500/,upscale
74,Big Tex Gym,http://www.bigtexgym.com/,generic
75,Bio-Dynamic Athletics,https://www.biodynamicathletics.com/,generic
76,Blackstar Kickboxing,https://m.facebook.com/Blackstar-Kickboxing-MMA-246363109746781/,generic
77,Blazing Boxing Gym,,generic
78,Blink Fitness,https://locations.blinkfitness.com/tx/dallas-fort-worth/7410-n-beach-st,generic
79,Blu Fitness,http://blufitness.net/,generic
80,BLUSH Boot Camp,http://www.blushbootcamp.com/,generic
81,BMF Fitness,http://www.bmf-fitness.com/,generic
82,Bodies By Adam,https://www.bodiesbyadam.com/,generic
83,Bodies By Design Personal Training,http://bbdforlife.com/,generic
84,Bodify Functional Fitness,https://www.bodifyfitness.com/,generic
85,Body Armor CrossFit,https://www.bodyarmorsa.com/,upscale
86,Body By Blair,http://www.blairthetrainer.com/,generic
87,Body By Brody,https://body-by-brody.business.site/%3Futm_source%3Dgmb%26utm_medium%3Dreferral,generic
88,Body Fit Training,https://www.bodyfittraining.com/location/mckinney,generic
89,Body Gym,http://bodygymtx.com/,generic
90,Body Machine Fitness,https://www.bodymachinefitness.com/,generic
91,Body Mountain,http://bodymountain.com/,generic
92,Body Shop Gym,,generic
93,Body Workz,http://www.bodyworkz.org/,upscale
94,BODY20,https://body20.com/aggieland,generic
95,Bodyhack Labs,https://bodyhacklabs.com/,generic
96,BodyWise Gym,http://www.bodywisegym.com/,generic
97,Bodyworks Red Zone,,generic
98,Bodyworkz Health Club,http://bodyworkz.org/,upscale
99,Bombshell CrossFit,http://bombshellcrossfit.com/,upscale
100,Booker T's Gym Arena,https://www.realityofwrestling.com/booker-t-world-gym-arena/,
101,Bossletics Gym,http://www.bossleticsgym.com/,
102,Boxing Pride Fitness,,
103,Brazos Valley Barbell,https://brazosvalleybarbell.com/,
104,Breach Fitness,http://breachfit.com/,
105,Break A Sweat Fitness Center,https://break-a-sweat-fitness-center.business.site/,
106,Breakthrough Fitness,https://breakthrough-fitness-personal-trainer.business.site/?utm_source=gmb,
107,BTF Personal Training,http://www.bodytemplefitness.info/,
108,BullittTeam,https://www.thebullittexperience.com/,
109,BungeeONE Studios,https://bungeeonestudios.com/,
110,Burba Physical Fitness Center,https://hood.armymwr.com/programs/fitness-center,
111,BURN,http://www.burndallas.com/,
112,Burn Boot Camp,https://burnbootcamp.com/locations/frisco-TX/?utm_source=google,
113,Campus Recreation,https://www.uhcl.edu/student-affairs/health-wellness/campus-recreation/,
114,Cardio Blazed Fitness Studio,http://www.cardioblazed.com/,
115,Cardonas boxing gym,https://www.facebook.com/pages/category/Sports/Cardonas-Boxing-Gym-1926049330978320/,
116,Carter Fitness Center,https://www.actx.edu/carter/,
117,Catalyst Personal Training,https://catalysthouston.com/,
118,Cave Fit Club,https://www.cavefitclub.com/,
119,CDL Fitness,https://www.cdlfitness.com/,
120,Cedar Park Recreation Center,http://www.cedarparktexas.gov/departments/parks-recreation/park-amenities-services-facilities/recreation-center,
121,Central Athlete,http://www.centralathlete.com/,
122,Centro Fitness,http://centrofitnesssa.com/,
123,Centro Fitness Ray Ellison Blvd,http://www.centrofitnesssa.com/,
124,CERA,http://cera-fw.org/,
125,CFX Strength & Conditioning,https://cfxstrengthandcondition.business.site/?utm_source=gmb,
126,Chalk Training,http://chalktraining.com/,
127,Chatos Boxing Gym,https://chatos-boxing-gym.business.site/?utm_source=gmb,
128,Checkpoint CrossFit,http://checkpointcrossfit.com/,
129,Cheer Strike All Stars,http://www.cheerstrike.com/,
130,Children's Health Starcenter,https://www.nhl.com/stars/starcenters,
131,CHRISTUS Trinity Mother Frances Health and Fitness Center,https://www.christushealth.org/locations/health-fitness-center-herrington-ornelas?utm_source=organic,
132,Chupafit,http://www.chupafit.com/,
133,Citizens HealthPlex,http://citizensmedicalcenter.org/,
134,City Wolves MMA,,
135,Cityside Gym,http://www.citysidegym.com/,
136,CKO Kickboxing,http://ckoleaguecity.com/,
137,Clairevista Holistic Health & Fitness,https://www.gymdallas.com/,
138,Clarence Martin Gym,https://www.templeparks.com/facilities___rentals/clarence_martin_gym.php,
139,Class Studios,https://www.class-studios.com/,
140,CLASS UFC GYM,https://www.classufcgym.com/locations/downtownfw/,
141,Classic Iron Gym,https://www.facebook.com/Classic-Iron-Gym-Odessa-TX-212981439395145/,
142,Clockwork CrossFit,http://clockworkcrossfit.com/?fbclid=IwAR2XQ1NLwoEAE3Ma2mypI8OtXit3Y1xdMQ1yuRXPuAhVllcoE_UCH-Ls7Nk,
143,CLUB4 Fitness,https://www.club4fitness.com/location/grand-prairie/,
144,Colaw Fitness,https://colawfitness.com/gyms/arlington-tx/,
145,College Station Fit Body Forever,https://fitbodybootcamp.com/9367-college-station-tx/fit-body-forever/,
146,Colliers Fitness Express,https://www.colliersfx.com/,
147,Commerce Street Gym,http://www.commercestreetgym.com/,
148,Compendi Strength & Conditioning,http://compendi.com/,
149,Compound Athletics,https://compoundathletics.fit/contact-us/,
150,Conquer Fitness and Performance,http://www.conquerfitnessfrisco.com/,
151,Contender CrossFit,http://www.contendercrossfit.com/,
152,Cooper Fitness Center,https://www.cooperaerobics.com/Cooper-Fitness-Center-Dallas.aspx,
153,Coppell Family YMCA,https://www.ymcadallas.org/locations/coppell_family_ymca?utm_source=2060digital,
154,Core Fitness,http://www.corefitnessdallas.com/,
155,Core Progression Elite Personal Training,https://coreprogression.com/location/north-austin/,
156,Corespeed Gym,http://www.corespeedgym.com/,
157,Corpus Christi Gym,http://www.cctexas.com/government/parks-recreation/programs-services/facilities/index,
158,Corrupted Strength,http://corruptedstrengthgym.com/,
159,Covenant Gym,,
160,Covenant LifeStyle Centre,https://www.providence.org/locations/covenant-health/medical-center/lifestyle-centre?ls=location,
161,Cowboys Fit,https://www.cowboysfit.com/,
162,Cratos Fitness,http://www.thecratosfitness.com/,
163,Crew Fitness,http://crew-fitness.com/,
164,CrossFit,http://www.crossfitflowermound.com/,
165,CrossFit 15:10,http://crossfit1510.com/,
166,CrossFit 190,http://www.crossfit190.com/,
167,CrossFit 2024,http://www.crossfit2024.com/,
168,CrossFit 3 Strands,https://www.crossfit3strands.com/,
169,CrossFit Aggieland,http://www.crossfitaggieland.com/,
170,CrossFit Alanis,http://crossfitalanis.com/,
171,Crossfit Amarillo,http://crossfitamarillo.com/,
172,CrossFit Anthology,https://www.crossfitanthology.com/,
173,CrossFit Archon,http://archonstrong.com/,
174,CrossFit Azimuth,http://www.crossfitazimuth.com/,
175,CrossFit Cataclysm,http://www.crossfitcataclysm.com/,
176,CrossFit Cedar Park,http://www.crossfitcp.com/,
177,CrossFit Central,https://www.crossfitcentral.com/,
178,CrossFit Citadel,https://www.crossfitcitadel.com/,
179,CrossFit Deep,http://www.crossfitdeep.com/,
180,Crossfit Enoch,http://crossfitenoch.com/,
181,CrossFit Hutto,http://www.crossfithutto.com/,
182,CrossFit Iron Horse,https://crossfitironhorse.com/,
183,CrossFit ISO,http://www.crossfitiso.com/,
184,CrossFit Kemah,http://www.crossfitkemah.com/,
185,CrossFit Kohen,http://www.crossfitkohen.com/,
186,CrossFit Kovu,https://www.crossfitkovu.com/,
187,CrossFit Lavon,http://www.crossfitlavon.com/,
188,CrossFit Live Oak,http://www.crossfitliveoak.com/,
189,CrossFit Lowe,http://www.crossfitlowe.com/,
190,CrossFit Lubbock,http://www.cflbk.com/,
191,CrossFit Lumberton,http://www.crossfitlumberton.com/,
192,CrossFit Luna,http://www.crossfitluna.com/,
193,CrossFit Magnolia,http://www.crossfitmagnolia.com/,
194,CrossFit McKinney,https://crossfitmckinney.com/,
195,CrossFit Mettle,http://www.crossfitmettle.com/,
196,CrossFit Obey,http://crossfitobey.com/,
197,CrossFit OnePlus Strength & Conditioning,http://www.oneplusfit.com/,
198,CrossFit OverTake,http://www.crossfitovertake.com/,
199,CrossFit Paladin,http://www.crossfitpaladin.com/,
200,CrossFit Point Break,http://www.crossfitpointbreak.com/,
201,CrossFit Power Method,https://www.crossfitpowermethod.com/,
202,CrossFit Quest,http://www.crossfitquest.com/,
203,CrossFit Rev40,https://crossfitrev40.com/,
204,Crossfit Richardson,http://www.crossfitrichardson.com/,
205,CrossFit Round Rock,http://crossfitroundrocktx.com/,
206,CrossFit Salute,http://www.crossfitsalute.com/,
207,Crossfit San Antonio,http://www.crossfitsanantonio.com/,
208,CrossFit SBR,http://www.crossfitsbr.com/,
209,Crossfit Sparrow,https://crossfitsparrow.com/,
210,CrossFit Templum,http://www.crossfittemplum.com/,
211,CrossFit Texas,http://crossfittx.com/,
212,CrossFit Tierra,http://www.crossfittierra.com/,
213,CrossFit TMC,http://www.crossfittmc.com/,
214,CrossFit Town Center,http://crossfittowncenter.com/,
215,CrossFit Tyler,http://www.crossfittyler.com/,
216,CrossFit Work Over Time,http://www.crossfitworkovertime.com/,
217,CrossFit Workshop,http://theworkshopeastend.com/,
218,Crull Fitness,http://www.crullfitness.com/,
219,Crunch Fitness,https://www.crunch.com/locations/amarillo,
220,Crush NTX Fitness,https://crushntxfitness.com/,
221,CTC Gym,https://www.ctcd.edu/locations/central-campus/fitness-sports/,
222,CUMC Sports & Rec Center,https://cumc.com/adult-sports-fitness/,
223,Curves,https://www.curves.com/?utm_source=google,
224,Custom Fitness of Amarillo Personal Training Studio,http://customfitness.biz/,
225,D-Town CrossFit,http://www.dtowncrossfit.com/,
226,D.R. Semmes Family YMCA,https://ymcasatx.org/drsemmes,
227,D1 Training,https://www.d1training.com/allen/?utm_source=GMB,
228,D1 Training Firewheel,https://www.d1training.com/firewheel/?utm_source=GMrB,
229,D1 Training Sugar Land,https://www.d1training.com/sugar-land/?utm_source=GMB,
230,Dallas Strength and Conditioning,http://www.dallasstrengthandconditioning.com/,
231,Dance House Fitness,,
232,Dane's Body Shop,http://www.danesbodyshop.com/,
233,Daved Gillyard Personal Trainer,https://davedgillyardfitness.com/,
234,Deepwater CrossFit,http://deepwatercrossfit.com/,
235,Defiant CrossFit,http://defiantcrossfit.com/,
236,DEFINE,https://riveroaks.definebody.com/,
237,DELTA ATHLETICS,http://www.deltaathletics.net/,
238,Delta Life Fitness,http://deltalifefitness.com/conroe,
239,Deviant Strength,http://deviantstrength.com/,
240,DG Fitness,https://dgfitnesstx.com/,
241,Diesel Fitness,http://dieselfitness214.com/,
242,Divine CrossFit,https://www.divinecrossfitlf.com/,
243,Dog Pound Boxing Gym,,
244,Downtown Athletic Club,http://www.daclub.com/,
245,Downtown Fitness,,
246,Downtown Iron gym,https://instagram.com/downtowniron247?igshid=YmMyMTA2M2Y=,
247,Dream Performance,http://www.fwdreamperformance.com/,
248,Driven Elite,https://www.drivenelite.net/denton,
249,Driven Performance Training,http://www.drivenaustin.com/,
250,Dyess Fitness Center,https://www.dyessfss.com/fitness-center,
251,Dynamic Fitness,https://thedynamicfitness.com/sugar-land/,
252,DynamXtreme Fit,https://www.facebook.com/DynamXtreme-Fit-2116992221897633/,
253,EADO Boxing Club,http://www.eadoboxing.com/,
254,EaDo Fitness,https://www.crossfiteado.com/,
255,Earl Dunn Gym,,
256,East Austin Athletic Club,http://eastaustinathleticclub.com/,
257,East Dallas CrossFit,http://www.eastdallascrossfit.com/,
258,Eat The Frog Fitness,https://www.eatthefrogfitness.com/,
259,Eaton Elite Fitness,https://eaton-elite-fitness.business.site/,
260,Edge Performance,http://www.edgetyler.com/,
261,edinburg sports and wellness center,http://edinburg.recdesk.com/,
262,Einhorn CrossFit,https://einhorncrossfit.com/,
263,El Centro College Wellness Center,https://www.dallascollege.edu/resources/pages/fitness-centers.aspx,
264,Elev8 Gym,http://elev8gym.com/,
265,Elev8 Human Performance,https://elev8-human-performance.business.site/?utm_source=gmb,
266,Elevate Fitness,https://www.elevatefitnessnow.com/,
267,Elevate Performance and Fitness,http://www.elevateabilene.com/,
268,Elite 713 Strength & Conditioning,http://elite713.com/,
269,Elite Fitness,https://elitefitnesstyler.com/,
270,ELITE Fitness and Nutrition,http://www.elitelifedfw.com/,
271,Elite Fitness Strength & Conditioning,https://www.elitefitnessvictoriatx.com/,
272,Elite Technique,http://elite-technique.com/,
273,Elle Fitness,https://ellefitnessgym.com/,
274,Embody Fitness Personal Training,https://www.embodyfitnessatx.com/,
275,Endunamoo Strength & Conditioning,http://www.endunamoo.com/,
276,EnduraLAB,http://enduralab.com/,
277,ENDVR Active Community Gym,http://myendvr.com/,
278,EnergyX Fitness,http://www.energyxfitness.com/,
279,EōS Fitness,https://eosfitness.com/location/houston-endicott-ln-bechnut-st/?utm_source=local,
280,EP Fitness,https://www.epfitness.com/montwood-east,
281,EP Fitness - Transmountain,https://www.epfitness.com/transmountain-n-east,
282,EP Fitness Lee Trevino,http://epfitness.com/,
283,EP Fitness Paragon,http://www.epfitness.com/,
284,EP Fitness Resler,http://www.epfitness.com/,
285,Equinox,https://www.equinox.com/clubs/texas/austin,
286,Ethos Jiu Jitsu And Martial Arts,http://www.ethosjiujitsutyler.com/,
287,Evo Performance,http://evo-performance.com/?utm_source=google,
288,EVOLVE,http://www.evolvefitdallas.com/,
289,Exclusive Fitness,http://www.exclusivefitnessgym.com/,
290,Exersize Fitness,,
291,Eximo Fitness,https://eximofitness.com/,
292,Exos,http://www.teamexos.com/,
293,Express Cheer,https://www.expresscheer.com/frisco,
294,Extreme Studio Performance,http://www.extremestudioperformance.com/,
295,Exygon,https://exygon.com/,
296,F.I.T Lab Fitness,https://www.fitlabfacilities.com/,
297,F.I.T. Lab Fitness,http://fitlabfacilities.com/,
298,F45 Training,http://www.f45training.com/westlubbock,
299,F45 Training Breckinridge Park,https://www.f45training.com/breckinridgepark,
300,F45 Training Corpus Christi,https://f45training.com/corpuschristi,
301,F45 Training Cross Trails,https://www.f45trainingcrosstrailstx.com/,
302,F45 Training Frisco,https://f45training.com/frisco,
303,F45 Training Frisco West,https://www.f45training.com/friscowest,
304,F45 Training Heath,https://f45training.com/heath/,
305,F45 Training Legacy Trail,https://f45training.com/legacytrail,
306,F45 Training Little Elm,https://www.f45training.com/littleelm,
307,F45 Training Riverstone TX,https://www.f45training.com/riverstonetx,
308,F45 Training Round Rock Central,https://www.f45training.com/roundrockcentral,
309,F45 Training Southlake,https://www.f45training.com/southlake,
310,F45 Training Trenton,https://f45training.com/trenton,
311,F45 Training Waterside,https://f45training.com/watersidefortworth,
312,F45 Training West 7th,https://www.f45training.com/west7thfortworth,
313,Facet Seven,https://www.facetsevenfitness.com/,
314,FACT Fitness,https://www.factfitnesscoaching.com/,
315,Factory Gym,http://www.factorygymatx.com/,
316,Faith & Fitness Training,https://www.trainerize.me/profile/faithandfitnesstraining/Yvonne.Kamyk,
317,Falls Fitness,https://www.facebook.com/fallsftitnesswichitafalls/,
318,Farmers Branch Community Recreation Center,http://www.fbreccenter.com/,
319,FC Personal Training Studio,http://www.eliapproved.com/,
320,Feldman Fitness,http://www.feldmanfitness.com/,
321,Fieldhouse San Antonio,http://www.fieldhousesa.com/,
322,Firehouse Fitness,http://firehouse.fitness/,
323,Fit,https://fit2-20.com/,
324,FIT,https://www.fitsbr.com/,
325,FIT Athletic Club,https://fithouston.com/,
326,Fit Avenue,https://www.personaltrainermissouricitytx.com/,
327,Fit Body Boot Camp,https://fitbodybootcamp.com/9367-college-station-tx/,
328,Fit Bound Gym,https://www.fitboundworx.com/,
329,Fit City Gym,,
330,Fit Club 24,http://www.fitclubtwentyfour.com/,
331,Fit Crew,,
332,Fit Factory,https://www.fitfactoryclubs.com/membership/garland,
333,Fit For Life,https://linktr.ee/fitforlifeep,
334,FIT Gym,http://www.fittyler.com/,
335,FIT Human Performance,http://www.fitwoodlands.com/,
336,Fit in 42,https://fitin42.com/locations/personal-training-studio-kingwood/,
337,Fit Lab USA,https://thefitlabusa.com/,
338,Fit Theorem,https://cardiokickboxingleaguecity.com/,
339,FIT THEOREM,http://fittheorem.com/,
340,Fit Tribe Gym,http://www.fittribegym.com/,
341,Fit With Chris,http://www.fwcpersonaltraining.com/,
342,FIT128,http://fit128.com/,
343,Fit180,http://www.fit180.com/,
344,FITCLUB Laredo,https://www.fitclublaredo.com/,
345,FitFor18,https://fitfor18.com/,
346,Fitness & Conditioning,http://fcffit.com/,
347,Fitness 1,http://www.fitness1celina.com/,
348,Fitness 1440,https://fitness1440.com/el-paso/,
349,Fitness by Darren,https://fitnessbydarren.com/,
350,Fitness Center,,
351,Fitness Central,,
352,Fitness Connection,https://fitnessconnection.com/gyms/clear-lake/,
353,Fitness Express,https://www.navymwrcorpuschristi.com/programs/c80f71ac-5bb5-4cb2-8fe3-ceb84e98a7c0,
354,Fitness Factory Denton,http://www.fitnessfactorydenton.com/,
355,Fitness for Life Gym,https://www.facebook.com/FitnessForLifeELP/,
356,Fitness Minded,http://fitnessmindedpt.com/,
357,Fitness Nation,http://fitness-nation.net/,
358,FITNESS PROJECT,https://fitnessproject.us/clubs/houston-humble/,
359,Fitness Xpress,https://fitnessxpresssachse.com/,
360,FitnessFX,https://www.fitnessfx.net/,
361,Fitt Life Fitness Gym,http://www.fittlifefitnessgym.com/,
362,Flex 24 Fitness,https://www.flex24fitness.com/,
363,Flex City Fitness,,
364,Flex Gym,,
365,Flex Level Fitness,https://www.flexlevelonline.com/,
366,Flow Fitness,http://www.flowfitnesstx.com/,
367,Flying Fitness & Aerial Arts Studio-FFAA,http://www.flyingfitnesstx.com/,
368,Flying Fortress CrossFit,http://flyingfortresscrossfit.com/,
369,Forever Fit,https://foreverfitwf.com/,
370,Forge Strength,http://www.forgestrengthaustin.com/,
371,Forged Fitness,http://www.forgedftw.com/,
372,FORM Lagree,http://www.formlagree.com/,
373,FORMula Fitness,http://www.formulafitnessdfw.com/,
374,Fort Worth Barbell,https://barbellfortworth.com/,
375,Fort Worth Strong,http://www.ftwstrong.com/,
376,Foundation Fitness,http://www.foundationfitnessdfw.com/,
377,Fox Fitness,https://foxfitnesstx.com/,
378,Free Your Fitness,http://www.freeyourfitness24.com/,
379,Freedom Fitness,https://freedomfitness.com/corpus-christi-alameda/,
380,Freedom Gym,http://www.thefreedomgym.com/,
381,Freeform Fitness,https://freeformfitnessonline.com/,
382,Full Circle Fitness,http://www.fullcirclefitness.works/,
383,Functional Patterns,http://functionalpatternstexas.com/,
384,Fyzical Athletics,http://www.fyzicalathletics.com/,
385,Garland Police Boxing Gym,http://garland-gym.jany.io/,
386,Georgetown Fitness,https://www.georgetownfitness.com/,
387,Gervin Center Gym,http://gervin-center-gym.keeq.io/,
388,Get FHIIT,http://www.getfhiit.com/,
389,Get Lifted West,http://getliftedgym.com/,
390,Get You In Shape Fitness,http://www.getyouinshape.com/,
391,Ghostletics Gym,http://www.ghostleticsgyms.com/,
392,Gillum Fitness Center,https://www.jbsatoday.com/fitness-lackland/,
393,Global Fitness Center,http://globalfitnesssa.com/,
394,Glory Fitness,http://www.gloryfitness2003.org/,
395,GLUTECLUB,https://www.jlopeztraining.com/,
396,Gold's Gym,https://www.goldsgym.com/amarillotx/,
397,Gold's Gym Corpus Christi South Staples,https://www.goldsgym.com/corpuschristiesstx/,
398,Gold's Gym Highland Meadows,https://www.goldsgym.com/highland-meadows-tx/,
399,Gold's Gym Tierra Este,https://www.goldsgym.com/el-paso-tierra-este-tx/,
400,Grand Mesa CrossFit,http://grandmesacrossfit.com/,
401,GrassIron Fitness,http://www.grassiron.com/,
402,Green Frog Fitness,http://www.greenfrogfitness.com/,
403,Gregory Gymnasium,http://www.utrecsports.org/gre,
404,Grind House Fitness,https://grindhousehouston.com/,
405,Grind Sports,,
406,GRINDHARD ELITE PERFORMANCE GYM,,
407,Grit ATX,https://www.grit-atx.com/,
408,GritFit,http://www.gritfitabilene.com/,
409,Gym,,
410,Gym 28,http://www.gym28.org/,
411,Gym Culture,http://mygymculture.com/,
412,Gym Elite,https://m.facebook.com/thegymelite/,
413,Gym Evolution,http://gymevolutionftw.com/,
414,GYM NOW,https://gymnow-fit.business.site/?utm_source=gmb,
415,H.N.S. Training Facility,http://hnstrainingfacility.com/,
416,H&H 24 Hour Workout Center,http://www.hh24hourworkoutcenter.com/,
417,Hank's Gym,http://hanksgym.com/,
418,Hardcore Fitness Center,https://hardcore-fitness-center.business.site/?utm_source=gmb,
419,Hardknox Strength & Performance,http://hardknox-strength.com/,
420,Harter Strength and Conditioning,http://www.harterstrength.com/,
421,Harvey E. Najim YMCA,https://ymcasatx.org/harveyenajim,
422,HCU Bradshaw Fitness Center,https://hc.edu/bradshaw-fitness-center/,
423,Health Club at Travis Place,http://hctravisplace.com/,
424,HealthLink Fitness and Wellness,https://www.baptisthealthsystem.com/location/detail/healthlink-new-braunfels/?utm_campaign=gmb_listings_mgmt,
425,HEAT Bootcamp,http://www.heatbootcamp.com/,
426,Heavy Metal Fitness,http://heavymetalfit.com/,
427,Heavy Mettle Fitness,https://www.heavymettlefitness.com/,
428,Helioss Fitness,https://www.helioss.fitness/,
429,Hellhound Gym,https://www.hellhoundgym.com/,
430,Hendrick Health Club,https://hendrickhealthclub.com/north/,
431,Hero Training,https://hero-training.com/,
432,Heroes Fitness,https://www.heroesstrong.net/?utm_source=google,
433,Hidden Gym,http://hiddengym.net/,
434,HighPower Fitness,http://www.facebook.com/highpowerfitness,
435,Hilltop Court,,
436,Hixon Fitness & Athletics,https://www.hixonhealth.com/,
437,HOTWORX,https://www.hotworx.net/studio/austin-lakeline,
438,Hotworx Arlington/Viridian,https://www.hotworx.net/studio/arlington-viridian,
439,Houston Gym,https://www.houstongym.com/,
440,Houston Iron Gym,http://houstonirongym.com/,
441,Houston Next Level Fitness,http://thenextlevelfitness.com/,
442,Hunger in the Wild Gym,https://hungerinthewild.com/,
443,Hybrid Fitness Academy,https://hybridfitnessacademy.fit/,
444,Hyde Park Gym,http://www.hydeparkgym.com/,
445,illuminate Heights,http://www.illuminate-fitness.com/,
446,Impact Fitness,https://www.personaltrainer-houston.com/,
447,Impact Martial Arts Academy,http://www.gomotionapp.com/tximaa,
448,Impact Nutrition and Fitness,,
449,Impact Strength Gym,http://www.impactstrengthgym.com/,
450,Infinite Fitness,http://www.infinitefitnessaustin.com/,
451,Infinite Motivation,http://infinite-motivation.com/,
452,Infinity Fitness Solutions,http://infinityfitsolutions.com/,
453,Infinity Personal Training,http://www.personaltrainingallen.com/,
454,Innovative Fitness,http://ifbcs.com/,
455,Inspire Fitness,https://www.fitnessprogramcedarparktx.com/,
456,Intrepid CrossFit,http://www.intrepidcrossfit.com/,
457,Inursha Fitness & Personal Training,http://www.inursha.com/,
458,Invictus Fitness,https://invictusfit.com/,
459,Invincible Fitness,https://www.myinvinciblefitness.com/spring,
460,Iron 24 Fitness + Recovery,https://gyms.iron24.com/colony-place-tx-us,
461,Iron Body Gym,,
462,Iron City Gym,https://ironcitygymtx.com/,
463,Iron Knight Fitness,http://www.facebook.com/IronKnightFitness,
464,IronGrind True Fitness,http://www.irongrindeptx.com/,
465,Ironworks Gym,https://bliss.armymwr.com/programs/mission-essential-fitness-mef-ironworks-gym-east-and-west,
466,IronXtreme Fitness,http://www.iron-xtremefitness.com/,
467,Island Fitness,http://islandfitnesscc.com/,
468,J.E.R. Chilton YMCA,https://www.ymcadallas.org/locations/jerchiltonymca?utm_source=2060digital,
469,JAG Fitness,http://jagfitness24.com/,
470,Jazzercise,https://www.jazzercise.com/location/jazzercise-carrollton-fitness-center?utm_source=google,
471,Jazzercise Sugar Land Fitness Center,http://bit.ly/sugarlandschedule,
472,Jazzercise Tyler,https://www.jazzercise.com/location/jazzercise-tyler-first-christian-church,
473,Jimmy Brought Fitness Center,https://www.jbsatoday.com/venue/fsh-jimmy-brought-fitness-center/,
474,Jody's Gym,http://www.jodysgym.net/,
475,Joe's Gym,https://www.facebook.com/joesgymsa/,
476,JOHN REED Fitness,https://us.johnreed.fitness/,
477,Jordan Zumwalt,http://jordanzumwalt.com/,
478,Joshua W. Soto Physical Fitness Center,https://bliss.armymwr.com/programs/joshua-w-soto-physical-fitness-center,
479,JOURNEYFIT,http://www.journeyfit.net/,
480,JR Renovations,,
481,Julia Irey Fitness,,
482,Junction Fitness,http://www.junctionfitnesstemple.com/,
483,Jungle,https://www.jungledallas.com/,
484,Just Fitness,https://www.justfitness247.com/,
485,JUST PLAY,http://www.justplay.us/,
486,JUST PLAY 24/7,https://justplay.us/,
487,K27 Performance,https://k27performance.com/,
488,Kawi Crossfit,http://bekawi.com/,
489,Kelly Fitness Center,https://www.jbsatoday.com/fitness-lackland/,
490,KickHouse,https://thekickhouse.com/location/frisco/,
491,Kieschnick Physical Fitness Center,https://hood.armymwr.com/programs/fitness-center,
492,Kill It CrossFit,http://killitcrossfit.com/,
493,KIM BARBELL,http://www.kimbarbell.com/,
494,Kinective Fitness Club,http://kinective.com/,
495,KLUB FITNESS,http://klubfitness.com/,
496,Kollective,http://www.thekollective.com/,
497,Kratos Fitness,,
498,LA Fitness,https://www.lafitness.com/Pages/clubhome.aspx?clubid=354,
499,Lakeline Fit Body Boot Camp,https://sites.google.com/lakelinefbbc.com/utp/home,
500,Landmark Fitness Club,http://www.landmarkclub.com/,
501,Laredo Kickboxing Academy,http://www.laredokickboxingacademy.com/,
502,Latin Vibez Dance And Fitness Studio,http://facebook.com/latinvibezSA/,
503,Legacy Brazilian Jiu Jitsu,https://www.legacy-bjj.com/,
504,Legacy Central Fitness,,
505,Level One Fitness,http://l1fitness.com/,
506,Level Up Fitness and Aerial Artistry,http://www.levelupartistry.com/,
507,Level Up Fitness and Aerial Artistry Haltom City,http://www.levelupartistry.com/,
508,Levitow Fitness Center,https://www.82fss.com/fitness,
509,LGND Barbell,http://www.lgndbarbellco.com/,
510,LHTX Fitness,http://www.lhtxfitness.com/,
511,Liberty Hill Strength,https://www.facebook.com/amandacherryfitness,
512,Libra Fitness Club,http://librafitnessclub.com/,
513,Life Changing Fitness,http://lifechangingfitnesstyler.com/,
514,Life Fit Gym,http://lifefitgym.com/,
515,Life Time,https://www.lifetime.life/life-time-locations/tx-frisco.html?utm_source=google,
516,Lifetime Athletic,https://www.lifetime.life/,
517,Lift ATX,http://www.liftatx.com/,
518,Lift Strong Run Fast,http://www.liftstrongrunfast.com/,
519,Lifted,http://lifted-texas.com/,
520,Logan Heights Physical Fitness Center,https://bliss.armymwr.com/programs/logan-heights-physical-fitness-center,
521,Loganitus Training,https://loganitustraining.com/,
522,Lokal Strength,http://lokalstrength-gw.flywheelsites.com/,
523,Lone Star Gymnastics,http://www.lonestargym.org/,
524,Lone Star Strength,,
525,Los Campeones Gym,http://loscampeonesaustin.com/,
526,Lubbock Fit Body Boot Camp,https://www.fitnesslubbock.com/,
527,Lyceum Gym,http://www.lyceumgym.com/,
528,Lyft Gym,https://www.lyftgym247.com/,
529,MAC Speed & Strength,http://www.macspeedandstrength.com/,
530,MAD Training,http://madtraining.net/,
531,MADabolic,https://www.madabolic.com/location/Austin-South,
532,MADabolic McAllen,https://www.madabolic.com/location/McAllen-Tx,
533,MADabolic Southlake,http://www.madabolic.com/location/Southlake,
534,Main Gate Fitness,https://www.maingatefitness.com/,
535,Marc Z Fitness & Nutrition,https://www.marczfitness.com/7-day-trial-offer/,
536,MaretHouse Fitness Boutique Club,https://www.marethousefitness.com/,
537,Mathis Sports and Fitness Center,http://www.goodfellow.af.mil/Home/QuickReferencePhoneDirectory.aspx,
538,Maverick Athletic Club,,
539,Maximize Potential,https://maximizepotentialtx.com/,
540,Mayweather Boxing + Fitness,https://mayweather.fit/preston-hollow/,
541,MBA Boxing Gym,https://www.mbaboxing.com/,
542,McAllen Personal Trainer - Isaac Medina,http://isaac-medina.com/,
543,Mcsweeney Martial Arts and Performance Center,http://mcsweeneymma.com/,
544,Mekanix,http://mekanixhouston.com/,
545,Mekanix Gym,http://mekanixhouston.com/,
546,Memorial Athletic Club,https://www.fitmac.com/,
547,Memorial Park Fitness Center,https://www.houstontx.gov/parks/fitnesscenters-weightrooms-gyms.html,
548,METCON FITNESS,,
549,Metroflex Austin,http://www.metroflexaustin.club/,
550,Metroflex Gym,http://www.metroflexgym.com/,
551,Miss Fit,http://www.missfitfitness.com/,
552,Mission CrossFit SA,http://www.missioncrossfitsa.com/,
553,Mitchell W. Stout Physical Fitness Center,https://bliss.armymwr.com/programs/stout-physical-fitness-center,
554,Mo City Fitness and Sports,http://www.mocityfitness.com/,
555,Momentum Fitness,http://www.themomentumfitness.com/,
556,morones boxing gym,,
557,Morr Fit,https://morrfithouston.com/,
558,Mory Fitness Solutions,https://moryfitness.com/,
559,mōtiv fitness,http://motivfitness.com/,
560,Motive Training,http://www.movewithpurpose.com/,
561,Muscle & Fitness Center,,
562,Muscle Activation Fitness,http://muscleactivationfitness.com/,
563,MVEMENT,https://mvement.com/,
564,MWR National Guard GYM,,
565,My Time Fitness,https://mytimefitnesstx.com/,
566,MYFITCLUB,http://myfitclubtx.com/,
567,n'Caliente Fitness,https://ncalientefitness.com/,
568,NCFIT Iron Roots,http://ncfitironroots.com/,
569,Nederland Fit Body Boot Camp,https://fitbodybootcamp.com/nederlandfitnessbootcamp/,
570,Neuro Fitness Foundation,http://www.neurofitnessfoundation.org/,
571,New Braunfels Crossfit - Sporthalle,https://sporthallenb.com/,
572,New Liberty Baptist Church Turner Hall,http://www.newliberty.com/,
573,New Life Fitness,http://newlifefit.com/,
574,NexGen Fitness,http://www.nexgenfitness.com/,
575,NexGen Private Personal Training Studio,http://www.southlake.nexgenfitness.com/,
576,Nick's Fight Club,http://nicksamarillo.com/,
577,Ninja Nation,https://www.frisco.ninjanation.com/,
578,Northwest Fitness,http://www.nwfitnesscenter.com/,
579,NRich Fitness,http://www.nrichfitness.com/,
580,NTX Strength & Conditioning,http://ntxathletics.com/,
581,NXT Rep Fitness,http://www.nxtrepfitness.com/,
582,O Athletik,http://oathletik.com/,
583,OAK Fitness,http://oak-fitness.com/,
584,OAKFIT,http://www.oakfitdallas.com/,
585,OBK Fitness & Nutrition,http://www.obkfitness.com/,
586,Old School Iron,http://www.oldschooliron.net/,
587,Olympus Muscle & Fitness,,
588,Omega CrossFit,http://www.omegacrossfit.com/,
589,Omnibarre,http://www.omni-barre.com/,
590,Onnit Gym,https://www.onnitgym.com/,
591,OPEX Round Rock,http://www.opexroundrock.com/,
592,Oppose Gravity Performance Training,http://www.opposegravityperformance.com/,
593,Orangetheory,https://www.orangetheory.com/en-us/locations/texas/cibolo/513-cibolo-valley-dr/?utm_medium=seo,
594,Orangetheory Fitness,https://www.orangetheory.com/en-us/locations/texas/abilene/3950-catclaw-drive/,
595,Orion,,
596,Oso CrossFit,https://www.iamosostrong.com/,
597,OSTC Sports Performance,http://www.ostcwf.com/,
598,Outlaw FitCamp,https://outlawfitcamp.com/flowermound,
599,Outright Fitness and Performance,https://outrightfitness.com/,
600,Ovr Drve Gym,https://ovrdrve.com/,
601,P.A. Fitness,http://pafitnessconroe.net/,
602,Padre Island CrossFit,http://www.padreislandcrossfit.com/,
603,Panther City Strength,https://www.panthercitystrength.com/,
604,PARADIGM Gym,http://www.paradigmgyms.com/,
605,Parke Way Fitness Center,,
606,Patriot Sports and Fitness,http://www.patriotsportsandfitness.com/,
607,Pearland Fitness Center,,
608,Perfected Bodies Fitness,https://www.perfectedbodies.com/,
609,Performance Fitness,https://www.ppfgym.com/,
610,Performant Fitness,http://www.performantfitness.com/,
611,Personal Training,http://www.intensityfitnesstx.com/,
612,Phat Body Sports Training,,
613,Philips Field House,,
614,Physical Education Building,,
615,PickUp USA Fitness,https://pickupusafitness.com/coppell,
616,Pink Iron Fitness,http://www.pinkironfitness.com/,
617,Pinnacle Personal Training,,
618,PITFIT Workout,https://www.pitfitworkout.com/,
619,Pitsenbarger Fitness Center,https://www.82fss.com/fitness,
620,Planet Fitness,https://www.planetfitness.com/gyms/amarillo-tx?utm_medium=yext,
621,Plano Athletic Club,https://planoathleticclub.com/?utm_source=localgbp,
622,Plano Family YMCA,https://www.ymcadallas.org/locations/plano?utm_source=2060digital,
623,Polo Road Rec Center,https://recsports.tamu.edu/polo-road-rec-center/,
624,Pop's Gym,http://popsgymfwtx.com/,
625,Power House Gym,http://powerhousegymhouston.com/,
626,Power Jump It,,
627,Power Play Fitness,,
628,Precision Fit Labs,https://precisionfitlabs.com/,
629,Prestige Strength Fitness,http://www.prestige-sf.com/,
630,Prevail Personal Fitness,http://www.prevailpf.com/,
631,Pride Personal Training,http://pridepts.com/,
632,ProBodies Elite,https://www.probodies-tw.com/,
633,ProCore Fitness,https://www.procorefitness.net/,
634,Progressive Overload Dallas,http://progressiveoverloaddallas.com/,
635,PSA,http://psaplano.org/,
636,Pure Energy Fitness,http://www.pefittakeover.com/,
637,Pursue Performance,,
638,Quads Gym,,
639,Quality Life Fitness,https://www.qualitylifefitnesshouston.com/,
640,R&G Fitness,http://rngfitness.com/,
641,Ratio One,http://ratioone61.com/,
642,Raw Fitness,https://www.facebook.com/OctavioUriasRawFitness,
643,Raw Iron Gym,https://rawirongymtyler.wixsite.com/website,
644,Raw'Fitness,,
645,Rayzor Ranch CrossFit,http://rayzorranchcrossfit.com/,
646,RDG Coaching,,
647,Real Impact Performance,https://www.realimpactp.com/,
648,Real Steel Gym,http://www.realsteelgym.com/,
649,Rebel Fitness,http://www.rebelfitnesstx.com/,
650,Recess Fitness Club,https://recessdallas.com/,
651,Recreation & Wellness Center,https://rwc-fitness.com/,
652,RedSkull Fitness,http://redskullfitness.com/,
653,Refined Fitness,http://www.refinedfit.com/,
654,Regymen Fitness,https://regymen.fit/roundrock,
655,Reign Athletics Gym,http://www.reignathleticsgym.com/,
656,Retro Fitness,https://retrofitness.com/location/garland/?y_source=1_NzE0OTc4OTgtNzE1LWxvY2F0aW9uLndlYnNpdGU%3D,
657,Revival Fitness,http://revfittexas.com/,
658,Revolution Fitness,http://www.revfit-ep.com/,
659,Richardson Fit Body Boot Camp,http://www.richardsonfbbc.com/,
660,Richland College Gym,https://www.dallascollege.edu/resources/pages/fitness-centers.aspx,
661,Rise Nation,https://rise-nation.com/dallas/,
662,Rise Rx Fitness,http://www.riserxfitness.com/,
663,Rō Fitness,http://rofitness.com/,
664,Rockwall Fit Body Boot Camp,https://www.facebook.com/fitbodyrockwall/,
665,Ronald D. Milam Physical Fitness Center,https://bliss.armymwr.com/programs/ronald-d-milam-physical-fitness-center,
666,Ronin Fitness of Richardson,http://www.roninfitnessofrichardson.com/,
667,Row House,https://www.therowhouse.com/location/college-station,
668,RTG Performance Academy,https://www.rtgperformanceacademy.net/,
669,Rush Cycle,https://www.rushcycle.com/el-paso-east/,
670,Rush Fitness Gym,http://rushfitnessgym.com/,
671,RX Fit,https://rxfit.co/?utm_source=GMB,
672,S&S CrossFit,http://s-scrossfit.com/,
673,SA Functional Fitness,https://safunctionalfitness.com/home/,
674,Sacrifice Training,https://sacrificetraining.com/,
675,San Marcos Athletic Club,http://smacgym.com/,
676,SandersFit Performance Center,http://sandersfit.com/,
677,Savage Fitness Gym,https://www.facebook.com/Savage-Fitness-2132213173691593/,
678,Sawed-Off CrossFit,https://www.sawedoffcrossfit.com/,
679,Sculpt Physique Fitness,https://www.sculptphysique.com/,
680,SculptHouse,https://sculpthouse.com/,
681,Self Made Training Facility,https://dallas.selfmadetrainingfacility.com/,
682,Shape Up,https://pablop.goherbalife.com/Catalog/Home/Index/en-US,
683,Shapes Fitness for Women,https://shapesfitnessflowermound.com/,
684,ShellShock Fitness,,
685,Shine Fitness Studio,http://www.shinefitnessstudio.com/,
686,Sho Offz Fitness,,
687,Sienna - Brushy Lake Fitness Center,https://www.siennarec.com/,
688,SkyPole Fitness,https://www.skypolefitness.com/,
689,Smart Barre & Pilates,http://smartbarresa.com/,
690,Smart Muscle Gym,,
691,Smarter Fitness Gym,http://www.smarterfitnessgym.com/,
692,Snap Fitness,https://www.snapfitness.com/us/gyms/kingwood-tx/?utm_source=gmb,
693,Snap Fitness Cibolo,http://snapfitness.com/cibolo,
694,Snap Fitness El Paso East,http://snapfitness.com/,
695,SoLa CrossFit,http://solacrossfit.com/,
696,South texas fight academy,,
697,Southeast Texas Health & Racquet Club,http://www.southeasttexashealthclub.com/,
698,Southwest Research Institute Fitness Facility,,
699,Space City Gym,http://www.spacecitygym.com/,
700,Spartans Fitness Gym,,
701,Species Gym,http://speciesgymtx.com/,
702,SPENGA,https://northdallas.spenga.com/,
703,SPENGA Austin,https://austinlakeline.spenga.com/,
704,SPENGA Houston Montrose,https://houstonmontrose.spenga.com/,
705,SPENGA Saginaw,https://fortworthsaginaw.spenga.com/,
706,SPENGA South Fort Worth,https://southfortworthtx.spenga.com/,
707,Sports Academy at the Star,https://thestar.sportsacademy.us/,
708,Spring Fitness,https://www.springfitnessclub.com/,
709,Squatch Frontier Fitness,https://www.squatchfitness.com/,
710,Stafford Wellness Center,http://staffordwellness.com/,
711,Starting Strength,https://austin.startingstrengthgyms.com/,
712,Starting Strength Plano,https://plano.startingstrengthgyms.com/,
713,State Line Gym,http://www.statelinegym.com/,
714,Statik Indoor Soccer,https://www.statiksoccer.net/,
715,Steelmill Gym,http://www.steelmillgymtx.com/,
716,SteelWorX Gym,https://www.steelworxgym.com/,
717,STINKYBODY,https://stinkybody.com/,
718,Stone's Gym & Fitness Center,https://www.stonesfitnesscenter.com/,
719,Strength and Fezek,http://www.strengthandfezek.com/,
720,StretchLab,https://www.stretchlab.com/location/cedarpark,
721,Strong Fitness Gym,http://stong-fitness-gym.jany.io/,
722,Strong Is Beautiful Fitness Studio,https://fit-with-alexya.square.site/,
723,Strong Performance Co.,,
724,Stronger Faster Strength & Conditioning Gym,https://strongerfasterhouston.com/,
725,Studio Three,http://www.studiothree.com/,
726,Summit Athletics,https://www.facebook.com/summitathleticslaporte/,
727,Sun City Athletic Club,http://www.suncityathleticclub.com/,
728,Sunnyside Athletic Club,,
729,Svelte Performance,https://svelteperformance.co/,
730,SVG MMA ACADEMY,http://svgmmaacademy.gymdesk.com/,
731,SWEAT,http://www.sweatdallas.com/,
732,Sweat Athletics,http://www.sweatathleticsatx.com/,
733,Tailor Made Personal Training,https://tailormade.fit/,
734,TBT GYM-TOTAL BODY TRAINING,http://www.tbtgym.com/?utm_campaign=gmb,
735,Team Swoll,http://www.teamswoll.com/,
736,TejasFit,https://www.tejasfitsanantonio.com/,
737,Temple Fit Crosstraining,https://m.facebook.com/TempleFitCrosstraining/,
738,Ten Arrows Fitness,https://www.tenarrowsfit.com/,
739,Texas Elite Fitness,,
740,Texas Family Fitness,https://www.texasfamilyfitness.com/locations/frisco-mckinney,
741,Texas Fit Club,http://www.texasfitclubgym.com/,
742,Texas Fit Culture,http://www.texasfitculture.com/,
743,Texas FITT,https://texasfitt.com/,
744,Texas Flex Fitness,http://www.texasflexfitness.com/,
745,Texas Galaxy Cheer And Dance,http://www.texasgalaxycheeranddance.com/,
746,Texas Gym,https://www.facebook.com/Texas-Gym-133717500018040/,
747,Texas Health & Fitness Inc GYM,,
748,Texas Health & Racquet Club,http://www.mythrc.com/,
749,Texas Health Finley Ewing Cardiovascular & Fitness Center,https://www.texashealth.org/dallas/services/fitness-center/,
750,Texas Health Huguley Fitness Center,https://www.texashealthhuguley.org/hospital-and-emergency-rooms/texas-health-huguley-hospital-fort-worth-south/fitness-center,
751,Texas Iron Gym and Supplements,http://www.texasirongymsa.com/,
752,Texas Muscle & Fitness,http://txmuscleandfitness.com/,
753,The Backstreet Gym,https://www.thebackstreetgym.com/,
754,The BackWoods CrossFit,https://www.thebackwoodscrossfit.com/,
755,THE BAR FITNESS,,
756,The Barre Code,https://thebarrecode.com/tx-dallas-bigd/,
757,The Body Firm,http://www.thebodyfirm.biz/,
758,The BodyLab,https://thebodylab.net/,
759,The Brick Gym,https://thebrickgym.com/,
760,The Camp Transformation Center,https://thecamptc.com/locations/arlington-texas,
761,The Castle MetroFlex Gym,http://www.thecastlemetroflex.com/,
762,The Cycle Station Fitness Studio,https://www.thecyclestationfitnessstudio.com/,
763,The Downtown Club,https://www.invitedclubs.com/clubs/the-downtown-clubs-the-met-center-club,
764,The Edge Fitness Center,https://theedgefitness.net/,
765,The Exercise Coach,http://exercisecoach.com/brushy-creek/?y_source=1_MTM1Mjk4MjEtNzE1LWxvY2F0aW9uLndlYnNpdGU%3D,
766,The Field House Gym,http://thefieldhousegymtx.com/,
767,The Fieldhouse,https://www.thefieldhouseabilene.com/,
768,The Fitness Center,https://www.southshorefitness.com/,
769,The Fitsmith,http://www.thefitsmith.com/,
770,The Force Fitness,https://theforcefitness.com/,
771,The Garage Gym,https://thegaragegym.club/,
772,The Gym @ Contagion Athletics,https://contagionathletics.com/,
773,The Gym Legacy,http://www.thegymlegacy.com/,
774,The Highlands Gym,http://www.mclennan.edu/,
775,The Iron Asylum Gym,,
776,The LAB,http://www.theperformancelabfortworth.com/,
777,The Lab Gym,,
778,The Muscle Factory,https://www.themusclefactorysatx.com/,
779,The MVMT Lab,http://www.themvmtlabntx.com/,
780,The Perfect Body Studio,https://theperfectbodystudio.com/,
781,The Perfect Workout,https://www.theperfectworkout.com/studio-locations/sugar-land-tx/?utm_source=gmb,
782,The Pistokache Gym,https://pistokachegym.com/,
783,The Pit,https://www.instagram.com/the.pit.tx/,
784,The PIT Facility,http://thepitfacility.com/,
785,The Push Code,http://thepushfit.com/,
786,The Quad Fitness,http://www.quadfitnessstudio.com/,
787,The Sanctuary Gym,http://www.thesanctuarygym.com/,
788,The Shed Strength and Performance,http://theshedgym.com/,
789,The Sweat Shop,http://www.sweatshopdallas.com/,
790,The Train Station,,
791,The Trainer's Gym,https://thetrainersgymtx.com/,
792,The Zoo Health Club,https://zoogym.com/locations/woodlands-tx/,
793,THRC Downtown,http://www.mythrc.com/,
794,Tiger's Den CrossFit,http://tigersdencrossfit.com/,
795,Timberline Fitness Studio,http://www.timberlinefitness.com/,
796,TIP TOP ENERGY & PROTEIN,,
797,Titan Fitness,https://facebook.com/TFCrgv/,
798,Titan Fitness and Tanning,http://www.titanfitnessonline.com/,
799,TITLE Boxing Club,https://titleboxingclub.com/dallas-uptown-tx/,
800,TKFit West,http://www.tkfitep.com/,
801,Tone 360 Fitness Studio,http://www.tone360fitness.com/,
802,Top View 24/7,https://www.topviewfitness.com/,
803,Top View Fitness,http://topviewfitness.com/,
804,Total Fitness Kickboxing,https://www.totalfitnesskickboxing.com/austin-tx,
805,Total Performance Fitness,https://weoutworkeverybody.com/,
806,Total Workout,https://www.facebook.com/people/Total-Workout-Fitness-Center/100063479863175/,
807,Tough Fitness,https://toughfitnessdallas.com/,
808,Toxic Fitness,,
809,Train 4 the Game,http://www.train4thegame.com/,
810,Trainin4Life Fitness,http://www.thumbtack.com/profile/services/mlAsNjH7Jo5y5A/,
811,Training Mate,https://trainingmate.com/locations/dallas/?utm_source=google,
812,TrainLifeFit,https://www.trainlifefit.com/,
813,Transform Fitness,https://www.nburnsfitness.com/,
814,Transform Training,http://transformintraining.com/,
815,Trident Strength & Conditioning,http://www.tridentstrength.com/,
816,TriFitness Gym,https://www.trifitnessgym.com/,
817,Trophy Fitness,https://trophyfitness.com/downtown-dallas/,
818,True Grind Systems,http://www.truegrindsystems.com/,
819,TruFit Athletic Clubs,https://trufitathleticclubs.com/gym-near-me/tru-fit-texas/lubbock/82nd-st/,
820,Truth Family Fitness,https://truthfamilyfitness.com/,
821,TRYM Fit,https://trymfit.com/,
822,TTR CrossFit,http://www.ttrcrossfit.com/,
823,TW Gym,http://twmma.com/,
824,U Turn Crossfit,http://uturncrossfit.com/,
825,UFC GYM El Paso East,https://www.ufcgym.com/locations/el-paso-east/?utm_source=google,
826,UFC GYM El Paso West,https://www.ufcgym.com/locations/el-paso-west/pass,
827,UIW Cervera Wellness Center,http://www.uiw.edu/wellness,
828,Ultima Fitness,http://ultima-fitness.com/,
829,Ultimate Performance Training,http://www.uptaustin.com/,
830,Uncommon Fitness,https://uncommonwest.wixsite.com/my-site,
831,Unleashed MMA Fitness,http://www.unleashedmmafitness.com/,
832,UNSTOPPABLE Training,http://www.unstoppabletraining.com/,
833,Uptown Fitness,http://www.uptownfitnesshtx.com/,
834,Urban Athletics,https://urbanathletics.co/,
835,Urban Core,http://www.urbancorelagree.com/,
836,Urban Fitness,http://galvestongyms.com/urban-health-and-fitness,
837,Urban Lagree,http://www.urbanlagree.com/,
838,UT Health East Texas Olympic Center,https://uthealtheasttexas.com/locations/ut-health-olympic-center-tyler,
839,V12 Sports & Fitness,http://www.v12sportsandfitness.com/,
840,Vegvisir CrossFit & Personal Training,http://www.vegvisircrossfit.com/,
841,VERDURE,http://verdurefitness.com/,
842,vFiT Gym,https://vfitgymhouston.com/,
843,Vickery Athletics,http://www.vickeryathletics.com/,
844,Vigor Active,http://vigoractive.net/,
845,Vintage CrossFit,http://www.vintagecrossfit.com/,
846,VIVE Society,http://thevivegym.com/,
847,VPR Training Gym,http://vprstrong.com/,
848,VYBE 5,http://vybe5.com/,
849,W.T.F. Horizon Gym,https://www.facebook.com/wtfhorizongym/,
850,War Room Fitness,https://warroomfitness.net/,
851,Warehouse Gym,http://www.thewarehousegym.net/,
852,Warhawk Fitness Center,https://www.jbsatoday.com/fitness-lackland/,
853,Warrior Fitness BootCamp,https://www.bodybywarriorfitness.com/,
854,Warriors Gym,https://warriorsgymtx.com/,
855,Weapons At Hand MMA Academy,http://www.weaponsathandmma.com/,
856,Weightless,http://www.weightlesswf.com/,
857,Wellness Today,https://wellnesstodaylubbock.com/,
858,West Fort Hood Physical Fitness Center,http://hoodmwr.com/west_fh_fitness.htm,
859,West Texas knockout Boxing Club,,
860,West Texas Strength Nutrition & Training Center,http://www.facebook.com/westtexasstrength,
861,Wheeler Fieldhouse,https://www.fortbendisd.com/site/default.aspx?PageType=3,
862,White Horse CrossFit West,https://whitehorsecrossfitwest.com/,
863,Whitehorse Crossfit,https://whitehorsecrossfit.com/,
864,Wichita Falls Athletic Club,http://www.wfac-gym.com/,
865,William H. Bell Athletic Center,https://www.trinity.edu/directory/spaces-places/william-h-bell-center,
866,Willow Bend Fitness Club,https://willowbendfitnessclub.com/,
867,Woodlawn Gym,http://www.sanantonio.gov/,
868,Work It Fitness Boutique,https://www.vagaro.com/us04/workitfitnessboutiquellc,
869,Workout Anytime,https://workoutanytime.com/location/arlington-tx/,
870,Workout Anytime Hurst,https://workoutanytime.com/hurst/,
871,World Gym,https://www.worldgym.com/beaumont/home,
872,Xtend Fitness,https://xtendfitness.com/,
873,Xtreme Fitness,http://xtreme-fitness-laredo.jany.io/,
874,Yes Fitness,http://www.yesfitnessthewoodlands.com/,
875,YMCA,http://www.ymcawf.org/,
876,YouFit Gyms,https://retrofitness.com/location/mesquite/,
877,Your Fitness 365,http://yourfitness365sa.com/,
878,Your Personal Best Training,http://ypbtrainingstudio.com/,
879,Zenith Elite Gymnastics Academy,http://www.zenithgym.com/,
880,Zeus Pump House,https://zeuspumphouse.com/,
